id,blogAuthor,blogUrl,blogTitle,blogItem
1,11,22,33,springboot
2,12,23,34,springboot
3,13,24,35,springboot
4,14,25,36,springboot
5,15,26,37,springboot
6,16,27,38,springboot
7,17,28,39,springboot
8,18,29,40,springboot
9,19,30,41,springboot
10,20,31,42,springboot
11,21,32,43,springboot
12,22,33,44,springboot
13,23,34,45,springboot
14,24,35,46,springboot
15,25,36,47,springboot
16,26,37,48,springboot
17,27,38,49,springboot
18,28,39,50,springboot
19,29,40,51,springboot
20,30,41,52,springboot
21,31,42,53,springboot
22,32,43,54,springboot
23,33,44,55,springboot
24,34,45,56,springboot
25,35,46,57,springboot
26,36,47,58,springboot
27,37,48,59,springboot
28,38,49,60,springboot
29,39,50,61,springboot
30,40,51,62,springboot
31,41,52,63,springboot
32,42,53,64,springboot
33,43,54,65,springboot
34,44,55,66,springboot
35,45,56,67,springboot
36,46,57,68,springboot
37,47,58,69,springboot
38,48,59,70,springboot
39,49,60,71,springboot
40,50,61,72,springboot
41,51,62,73,springboot
42,52,63,74,springboot
43,53,64,75,springboot
44,54,65,76,springboot
45,55,66,77,springboot
46,56,67,78,springboot
47,57,68,79,springboot
48,58,69,80,springboot
49,59,70,81,springboot
50,60,71,82,springboot
51,61,72,83,springboot
52,62,73,84,springboot
53,63,74,85,springboot
54,64,75,86,springboot
55,65,76,87,springboot
56,66,77,88,springboot
57,67,78,89,springboot
58,68,79,90,springboot
59,69,80,91,springboot
60,70,81,92,springboot
61,71,82,93,springboot
62,72,83,94,springboot
63,73,84,95,springboot
64,74,85,96,springboot
65,75,86,97,springboot
66,76,87,98,springboot
67,77,88,99,springboot
68,78,89,100,springboot
69,79,90,101,springboot
70,80,91,102,springboot
71,81,92,103,springboot
72,82,93,104,springboot
73,83,94,105,springboot
74,84,95,106,springboot
75,85,96,107,springboot
76,86,97,108,springboot
77,87,98,109,springboot
78,88,99,110,springboot
79,89,100,111,springboot
80,90,101,112,springboot
81,91,102,113,springboot
82,92,103,114,springboot
83,93,104,115,springboot
84,94,105,116,springboot
85,95,106,117,springboot
86,96,107,118,springboot
87,97,108,119,springboot
88,98,109,120,springboot
89,99,110,121,springboot
90,100,111,122,springboot
91,101,112,123,springboot
92,102,113,124,springboot
93,103,114,125,springboot
94,104,115,126,springboot
95,105,116,127,springboot
96,106,117,128,springboot
97,107,118,129,springboot
98,108,119,130,springboot
99,109,120,131,springboot
100,110,121,132,springboot
